Name,Address,City,Primary_Phone,Phone_Type,Alt_Phone,Email,Est_Value,Months_Owned,Beds,Baths,SqFt
ROMAN LINETSKIY,18 ROWENA RD,MANALAPAN,(718) 234-3753,Landline,(718) 234-3753,,$900K+,3,4,3,3214
SALVATORE DEPAOLA,2 ALISON CT,MARLBORO,(347) 523-3036,Mobile,(917) 981-1837,reneamarshall@gmail.com,$900K+,3,4,2,2378
CHRISTOPHER BARTOLI,53 VARDON WAY,FARMINGDALE,(732) 615-7197,Mobile,(732) 683-0696,,$900K+,3,4,3,2506
JASON PECORA,75 ELIZABETH ST,KEYPORT,(919) 274-5152,Mobile,(908) 581-7333,,$900K+,4,4,2,3514
JOSEPH HABIB,16 SHALLOW BROOK RD,MORGANVILLE,(917) 608-5063,Mobile,(718) 967-0677,,$900K+,4,4,4,5835
DAVID ROTNER,12 WAGON WAY,HOLMDEL,(914) 523-9242,Mobile,(917) 478-2264,bedrockd@aol.com,$900K+,4,5,2,5314
THOMAS PRIOLO,329 VALLEY VIEW CIR,FREEHOLD,(732) 904-3384,Mobile,(732) 625-1862,fpriolo@msn.com,$900K+,4,4,2,4465
SABARISH MUTHUMPERUMAL,1 CHRISTIE LN,FREEHOLD,(408) 203-0072,Mobile,(408) 481-9694,,$900K+,4,5,3,4919
ANDRIA SOLTAU,4 EMILY RD,MANALAPAN,(973) 580-1744,Mobile,(973) 667-8469,andria@celebritypro.com,$900K+,5,4,2,3453
DAVID ROBERTS,13 BERNICE DR,FREEHOLD,(347) 200-6301,Mobile,(646) 342-9949,,$900K+,5,4,2,2344
SHAGHAF SHEIKH,419 PERRY ST,MORGANVILLE,(732) 275-2264,Mobile,,irnsugar@aol.com,$900K+,5,4,4,2244
EDWARD SHUKHAT,1 PHEASANT DR,MARLBORO,(347) 218-3602,Mobile,(718) 368-3234,,$900K+,5,5,3,2602
JIGAR PATEL,62 PLEASANT VALLEY RD,MORGANVILLE,(732) 692-0817,Mobile,(732) 404-0776,jigarpat@live.com,$900K+,6,4,4,4732
ANDREW SALSANO,13 EAGLE NEST RD,COLTS NECK,(917) 596-5008,Mobile,(732) 787-1713,asalsano@netzero.net,$900K+,6,3,4,4048
DANIEL OSTERGREN,187 YALE DR,FREEHOLD,(732) 245-1671,Mobile,(732) 245-0861,dan81127@hotmail.com,$900K+,6,4,2,3396
ISHA TANEJA,3 WINTHROP DR,HOLMDEL,(201) 744-1484,Mobile,(407) 790-7435,,$900K+,6,4,3,2298
JACK PHILIPS,36 SCHOOL RD E,MARLBORO,(718) 757-4123,Mobile,(732) 713-7725,jphilips2000@yahoo.com,$900K+,6,4,3,1422
IGNAZIO LOCASCIO,1 WILFRED RD,MANALAPAN,(917) 216-3459,Mobile,(917) 622-4410,,$900K+,6,4,3,3076
MATTHEW PINTO,50 THOMAS DR,MANALAPAN,(718) 612-0362,Mobile,(718) 227-2452,cadillacgangsta@aol.com,$900K+,6,5,3,2912
ZACHARY SIEGMAN,4 CHESLEY CT,MORGANVILLE,(516) 445-9181,Mobile,(516) 448-5917,bethbryan17@yahoo.com,$900K+,7,4,3,2316
DENISE SCHIERA,9 LONNIE DR,ALLENTOWN,(609) 799-3553,Landline,(609) 799-3553,,$900K+,7,4,2,3172
MATTHEW MOROZOFF,60 BONNIE DR,MANALAPAN,(732) 340-0153,Landline,(732) 340-0153,,$900K+,7,4,3,2738
JOHN DELLOCONO,26 W PARSONAGE WAY,MANALAPAN,(732) 942-3055,Landline,(732) 942-3055,yankscool@rediffmail.com,$900K+,7,3,2,3253
JEANETTE RIOS,489 E FREEHOLD RD,FREEHOLD,(732) 824-9955,Mobile,(732) 826-3591,jeannetterios2004@yahoo.com,$900K+,7,4,2,3403
KAMIL WOZNIAK,14 MAJESTIC DR,FREEHOLD,(732) 882-1479,Landline,(908) 307-2121,catcherk@cs.com,$900K+,7,4,2,2714
STEVEN PAESE,37 ERIC CT,MORGANVILLE,(914) 424-7123,Mobile,(914) 736-9827,stevenpaese11@yahoo.com,$900K+,7,4,2,3716
DANIEL SCANISH,7 WHISPERING SPRING DR,MILLSTONE TOWNSHIP,(856) 701-8470,Mobile,(908) 328-6510,dscanish@rcn.com,$900K+,7,4,3,3085
SUBHENDU MAITY,154 SERPENTINE DR,MORGANVILLE,(201) 888-6455,Mobile,(201) 689-4040,,$900K+,7,5,2,3132
NICHOLAS SOUTO,32 MILLAY RD,MORGANVILLE,(917) 881-9413,Mobile,(718) 967-3101,donann0530@gmail.com,$900K+,7,4,4,2028
IGOR SKLIARYK,28 PHEASANT DR,MARLBORO,(929) 337-5902,Mobile,,skliaryk10821082@gmail.com,$900K+,7,4,3,3034
GREGORY CASO,10 HOLLY HILL RD,MARLBORO,(732) 972-7923,Landline,(732) 972-7923,gcaso27@gmail.com,$900K+,7,4,3,2960
GERARD VILLA,162 FOREST HAVEN CT,FREEHOLD,(718) 984-8165,Landline,(718) 984-8165,gerard.villa@netscape.net,$900K+,7,4,3,4035
LUKE MOSLEY,28 COLONIAL TER,COLTS NECK,(732) 591-8667,Landline,(732) 591-8667,lukemosley44@gmail.com,$900K+,7,3,3,2706
LUIGI BONGIOVI,11 WOODHOLLOW DR,HOLMDEL,(732) 583-0401,Landline,(908) 601-5994,klbongiovi@gmail.com,$900K+,7,6,2,3662
BRIAN FOOTE,11 NORMANDY PL,COLTS NECK,(609) 638-3328,Mobile,(215) 665-9660,,$900K+,7,4,3,2424
NICOLAS SALKINDER,10 RED HAWK RD N,COLTS NECK,(917) 951-1555,Mobile,(718) 375-1365,allaleybinsky@netzero.net,$900K+,7,4,4,3536
WILLIAM HICKEY,800 ROUTE 524,ALLENTOWN,(606) 862-0550,Landline,(606) 862-0550,britnee_nicole@hotmail.com,$900K+,7,5,4,3531
SARAH BALIONI,2 DONNA CT,MANALAPAN,(732) 547-1449,Mobile,(732) 766-7372,sbolignesi@gmail.com,$900K+,7,4,3,3652
LINDBERGH MENDOZA GARCIA,21 HUNT RD,FREEHOLD,(732) 252-8966,Landline,(917) 607-7127,nancoec@aol.com,$900K+,7,4,3,3000
JOANNA BARC,11 DUNDALL PL,HAZLET,(440) 452-1112,Mobile,(440) 935-3226,coa8537@yahoo.com,$900K+,7,4,3,2860
ADAM NIMICK,21 MARTHAS DR,FREEHOLD,(732) 620-6715,Mobile,,,$900K+,7,4,3,3714
THOMAS WIDENER,10 MOONLIGHT DR,COLTS NECK,(732) 325-8131,Mobile,(732) 470-5987,thomas.widener@aol.com,$900K+,7,4,4,4757
ERIC ZALTSBERG,231 NOTTINGHAM RD,MORGANVILLE,(646) 379-6080,Mobile,(718) 372-9056,,$900K+,7,4,3,2856
PAUL WOJCIESZEK,2 PALOMINO WAY,MARLBORO,(732) 546-6394,Mobile,(917) 716-4304,twojal@aol.com,$900K+,7,4,3,2842
SHAHREEN SULTANA,56 IVANHOE DR,MANALAPAN,(347) 421-7717,Mobile,(541) 672-4400,,$900K+,7,4,3,3144
THOMAS CARROLL,9 MORSE WAY S,HOLMDEL,(732) 449-8672,Landline,(732) 449-8672,,$900K+,7,5,3,3294
BILL PANTELIS,7 CARLISLE CT,HAZLET,(347) 803-3501,Mobile,(917) 287-9220,tr00per976@cableone.net,$900K+,7,3,3,2144
AURIELIO MENDEZ,35 RUES RD,CREAM RIDGE,(732) 367-4563,Landline,(732) 890-5275,,$900K+,7,3,2,1744
RAMY HALIM,266 SUNNYSIDE RD,LINCROFT,(732) 575-9923,Mobile,(732) 598-2909,mdibella@pushtheenvelopepr.com,$900K+,7,4,2,2282
BRENDAN O'CONNOR,109 MERRICK RD,FARMINGDALE,(203) 927-9072,Mobile,(203) 271-0542,,$900K+,7,4,4,3443
ANDREW LEVINE,1 LIVINGSTON CT,MARLBORO,(267) 229-6016,Mobile,(908) 230-7417,mlevine@notations.com,$900K+,7,4,4,4494
MARK RAYO,8 NORTHFIELD CT,FREEHOLD,(908) 489-0535,Mobile,(732) 946-2049,chubbard186@outlook.com,$900K+,7,5,3,4046
STEPHEN PICCIURRO,61 PARTNERS LN,FREEHOLD,(917) 842-0888,Mobile,(732) 446-1969,ic71@ptd.net,$900K+,7,4,3,4049
BENJAMIN FUTERMAN,6 COUNTRY CLUB LN,COLTS NECK,(732) 591-8902,Landline,(848) 482-9801,,$900K+,8,6,4,7015
LAMBRINOS NIKITAS,14 HASTINGS RD,HOLMDEL,(732) 695-9708,Landline,(732) 695-9708,proteas127@sbcglobal.net,$900K+,8,5,3,5444
MIKHAIL RAYBSHTEYN,4 GROENDYKE CIR,MILLSTONE TOWNSHIP,(718) 864-5151,Mobile,(646) 785-7079,advocat@netzero.net,$900K+,8,4,3,3357
JONATHAN CARUSO,7 STAYMAN CT,MANALAPAN,(609) 516-9488,Mobile,(609) 275-8565,jjfromjersey@gmail.com,$900K+,8,4,5,6721
ANNA MOUSOUROULIS,11 NOLAN DR,MILLSTONE TOWNSHIP,(347) 245-4890,Mobile,(917) 349-1904,,$900K+,8,4,4,3090
ALEX CHERVONY,30 EMILY RD,MANALAPAN,(917) 416-1610,Mobile,(718) 979-2453,alexchervony@yahoo.com,$900K+,8,4,3,3374
CHRISTOPHER DELUCA,4 BAILEY RD,MATAWAN,(917) 903-3717,Mobile,(917) 930-3717,jigza@aol.com,$900K+,8,3,4,2193
VINCENT PAGLIO,5 PECAN VALLEY DR,MARLBORO,(732) 533-4108,Mobile,(732) 332-0317,vincentpagz@gmail.com,$900K+,8,4,4,2642
STEVEN MCHUGH,20 LONGVIEW DR,COLTS NECK,(732) 845-1355,Landline,(732) 845-1355,shearer708@hotmail.com,$900K+,8,5,3,3199
NEERAJ NANAVATI,220 THOROUGH BRED DR,FREEHOLD,(908) 500-8414,Mobile,(908) 874-0001,erika_paige1@hotmail.com,$900K+,8,5,4,5289
JOSEPH ROMEO,13 SUNRISE CIR,HOLMDEL,(201) 261-1817,Landline,(813) 597-7601,josephromeo@peoplepc.com,$900K+,8,4,3,3359
MARCO SALAZAR,1 TRUMAN DR,MARLBORO,(201) 320-0973,Mobile,(917) 921-3641,ceyx24@aol.com,$900K+,8,5,3,2873
BARBARA GILMORE,708 BROOK AVE,UNION BEACH,(201) 666-0735,Landline,(201) 666-0735,g3312gil@aol.com,$900K+,8,4,2,2540
JAMES MATTERA,4 PADDOCK CT,HOLMDEL,(732) 778-5818,Mobile,(908) 601-6827,tash55@gmail.com,$900K+,8,4,2,2802
JAMES MARZARELLA,13 MOHAWK LN,MANALAPAN,(732) 684-0137,Mobile,(908) 686-7288,jjam@excaliber.net,$900K+,8,4,2,2652
BEN AMOS,9 CARTER DR,MARLBORO,(917) 709-9461,Mobile,(347) 268-9070,mmarano@webtv.net,$900K+,8,4,3,2718
ALLISON PIMENTEL,1 CLAYTON DR,MILLSTONE TOWNSHIP,(732) 814-9670,Mobile,(732) 840-8921,,$900K+,8,4,3,3844
BRITTANY MINERVA,47 OXFORD RD,MANALAPAN,(516) 523-4433,Mobile,(631) 368-4962,qfrank.minervaj12@yahoo.com,$900K+,8,4,3,3070
GENE KRUTYANSKY,20 ARROWHEAD WAY,MILLSTONE TOWNSHIP,(732) 322-2848,Mobile,(908) 239-7299,yates1961@aol.com,$900K+,8,3,3,2041
ALBERT DEROSS,2 LOCKWOOD RUN,COLTS NECK,(845) 978-3417,Mobile,(845) 283-0726,carcar65@aol.com,$900K+,8,5,2,4453
REFAAT MARKOS,10 BANFF CT,MORGANVILLE,(347) 449-8972,Mobile,(718) 658-4444,refatsadak@yahoo.com,$900K+,8,4,2,2871
KETEVAN KHANDOLISHVILI,21 BURR AVE,MORGANVILLE,(347) 403-3079,Mobile,(515) 460-0253,kkhandolishvili@gte.net,$900K+,8,4,2,3733
GEORGE REZK,11 ELIZABETH PL,MANALAPAN,(201) 443-6770,Mobile,(551) 221-9716,sato_alex2006@yahoo.com,$900K+,8,4,3,2867
KATELYN COSTA,16 SADDLEBROOK RD,MILLSTONE TOWNSHIP,(609) 883-5420,Landline,(609) 883-5420,,$900K+,8,4,3,3094
JEROME STERLACCI,15 LUCCARELLI DR,HOLMDEL,(561) 391-2836,Landline,(561) 391-2836,,$900K+,8,4,2,3638
DEVIN CHAPMAN,1 WENDI WAY,MANALAPAN,(917) 439-5513,Mobile,(718) 967-1807,xplaya4ex@aol.com,$900K+,8,4,2,3042
MARCOS DONNELLY,124 CASINO DR,FARMINGDALE,(732) 264-8301,Landline,(732) 264-8301,,$900K+,8,5,5,3924
MAHDI PHAHER,9 BRISTOL RD,MANALAPAN,(732) 742-3943,Mobile,(732) 274-0861,mahdi389@hotmail.com,$900K+,8,5,1,3250
TAREK MIKHAIL,3 JORDAN CT,FARMINGDALE,(732) 664-5024,Mobile,,,$900K+,8,4,3,4298
PETER RUGGIRELLO,5 DEERPATH DR,FARMINGDALE,(718) 317-2218,Landline,(718) 317-2218,,$900K+,8,4,1,3222
DANIEL COZEWITH,16 IMLAY LN,FARMINGDALE,(908) 264-8463,Landline,(908) 400-5957,dcozewith@verizon.net,$900K+,8,4,2,3250
HITESH SHAH,21 DRESSAGE PL,FREEHOLD,(201) 923-5878,Mobile,(732) 986-1794,hiteshgs@gmail.com,$900K+,8,4,4,4607
ALLISON GRASSI,170 ASBURY AVE,FREEHOLD,(425) 577-8289,Mobile,(425) 868-6816,grassi@homemail.com,$900K+,9,4,2,2078
XIE MENG,2 DORA LN,HOLMDEL,(718) 358-0688,Landline,(718) 358-0688,,$900K+,9,4,3,4783
STEVEN CONGYA CHEN,141 ROLLING HILL DR,MORGANVILLE,(520) 226-7599,Mobile,,cibarnes.lb@gmail.com,$900K+,9,4,1,3115
CHRISTOPHER SHEIRER,43 WESTBROOK WAY,MANALAPAN,(718) 285-4149,Landline,(646) 296-6280,csheirer@yahoo.com,$900K+,9,4,4,2765
GARY HANSEN,13 RISA BENJAMIN WAY,FREEHOLD,(201) 406-5014,Mobile,(732) 471-0340,,$900K+,9,5,3,4892
FRANK VOLPICELLA,6 BERKSHIRE CT,HOLMDEL,(908) 461-3951,Mobile,(718) 727-7285,garyholmberg56@gmail.com,$900K+,9,4,2,2958
DAWNE PONTE,15 RUES RD,CREAM RIDGE,(732) 329-9128,Landline,(646) 671-0711,dsimonponte@aol.com,$900K+,9,4,4,4239
YELIZAVETA DUKORSKAYA,54 BLOOMFIELD RD,MANALAPAN,(646) 725-0042,Mobile,(718) 837-2006,ydukorskaya@yahoo.com,$900K+,9,4,3,3069
ALLEN ZAK,57 MOORE RD,MARLBORO,(305) 974-2697,Landline,(305) 974-2697,,$900K+,9,4,2,4389
ROSS HUNT,13 DORA LN,HOLMDEL,(718) 522-6190,Landline,(718) 522-6190,,$900K+,9,6,2,3627
DOUGLAS DIXON,12 STRATHMORE CT,FREEHOLD,(908) 688-2489,Landline,(201) 736-1541,mswonderful2@lycos.com,$900K+,9,4,3,2330
SAI SRIPADA,42 CORNWALLIS CT,MANALAPAN,(248) 622-3131,Mobile,,,$900K+,9,4,2,4732
MARTA STAR,415 PLEASANT VALLEY RD,MORGANVILLE,(718) 340-3014,Landline,(212) 380-6255,marina.star97@gmail.com,$900K+,9,4,3,3252
BRANDON COREY,117 PAINT ISLAND SPRING RD,MILLSTONE TOWNSHIP,(908) 705-7146,Mobile,(908) 230-6672,bcoreyphoto@gmail.com,$900K+,9,4,3,3134
ANDREW GERSTEIN,9 LONGVIEW DR,HOLMDEL,(732) 915-4541,Mobile,(732) 794-4226,metsn@aol.com,$900K+,9,4,3,2721
MARIA ESPOSITO,19 GREEN HILL RD,COLTS NECK,(732) 845-5971,Landline,(732) 845-5971,,$900K+,9,4,3,2644
LAURENCE MURPHY,6 CLARK CT,MILLSTONE TOWNSHIP,(609) 751-8479,Mobile,(908) 672-2367,larrymurphy@snet.net,$900K+,9,4,3,3468
JOSEPH LORENZ,36 MAPLE DR,COLTS NECK,(347) 287-7130,Mobile,(718) 461-5299,,$900K+,9,4,3,2889
JASON GIGLIOTTI,43 WILSON AVE,FREEHOLD,(860) 989-5480,Mobile,(860) 690-6117,,$900K+,9,4,3,2602
NICHOLAS DELISI,9 TIMBERLINE CT,MILLSTONE TOWNSHIP,(856) 863-6731,Landline,(856) 863-6731,,$900K+,9,4,4,2064
ADAM VIJAYAN NAMBIAR,217 SORREL DR,MORGANVILLE,(201) 774-7449,Mobile,(201) 688-9591,,$900K+,9,4,2,2366
JASON EBERIGHT,6 DANIELLE DR,ENGLISHTOWN,(732) 866-9044,Landline,(732) 866-9044,inyoface75@hotmail.com,$900K+,9,4,3,2809
WAYNE RELYEA,18 HUNTLEY RD,HOLMDEL,(732) 933-0093,Landline,(732) 933-0093,wrelyea@aol.com,$900K+,9,4,3,2540
MICHAEL IVANCIU,6 PARTRIDGE RUN,HOLMDEL,(718) 987-0400,Landline,(718) 987-0400,mike@dolphinfitnessonline.com,$900K+,9,3,3,2837
ALEXANDRA PETROU,55 RED VALLEY RD,MILLSTONE TOWNSHIP,(732) 817-1947,Landline,(732) 300-3012,,$900K+,9,3,2,1737
SHAWN LEE,12 NICOLE CT,FREEHOLD,(718) 645-3227,Landline,(718) 645-3227,,$900K+,9,4,4,3596
IGOR KALENSKYY,12 COURTNEY CT,FREEHOLD,(646) 633-3824,Mobile,(347) 924-6356,,$900K+,9,4,2,4522
RICHARD WALTERS,11 NICOLE CT,FREEHOLD,(917) 682-5300,Mobile,(718) 979-9833,mcalla24@aol.com,$900K+,9,4,2,4563
ERIK LLISIJE,5 LOWRY LN,MARLBORO,(732) 890-5302,Mobile,(732) 804-9579,,$900K+,10,4,2,2820
GAURAV MARWAH,32 BLOOMFIELD RD,MANALAPAN,(732) 325-8821,Mobile,,,$900K+,10,5,2,3057
EVAN HART,4 PENN ELMER DR,MILLSTONE TOWNSHIP,(908) 489-5307,Mobile,(732) 829-4929,carpetworx@gmail.com,$900K+,10,5,5,4279
THOMAS PIZZO,7 SHEFFIELD CT,COLTS NECK,(631) 957-2489,Landline,(631) 957-2489,,$900K+,10,4,2,3676
MAHESH NAPA,19 WILTSHIRE DR,MANALAPAN,(646) 884-2950,Mobile,(201) 993-3456,,$900K+,10,4,1,3090
NYDIA FELICIANO,4 STEEPLE CHASE RD,MILLSTONE TOWNSHIP,(732) 522-5571,Mobile,(732) 421-6227,nhemwall@gmail.com,$900K+,10,4,3,3014
MICHAEL WINDERMAN,10 COLONY DR,MARLBORO,(908) 907-1589,Mobile,(732) 863-9545,,$900K+,10,6,3,4440
MOHAMED NAJAR,8 MOUNT DR,MILLSTONE TOWNSHIP,(917) 373-0116,Mobile,(646) 864-7749,hadeel@aol.com,$900K+,10,4,3,3602
KRISTINA GROSSO,9 DEEP RUN CT,MORGANVILLE,(917) 576-7120,Mobile,(917) 576-7121,kristina.grosso@yahoo.com,$900K+,10,4,2,3286
GREGORY DILORENZO,400 MARL RD,COLTS NECK,(732) 615-7726,Mobile,(732) 501-0294,cjvols13@yahoo.com,$900K+,10,4,3,2630
ADAM SCHNEIDER,11 SADDLE RIDGE RD,COLTS NECK,(732) 222-8800,Mobile,(732) 618-6926,adam@adamschneider.com,$900K+,10,4,3,3369
EVAN LEVITT,45 MOLLY PITCHER DR,MANALAPAN,(845) 641-1769,Mobile,(845) 634-7404,evan.levitt@hotmail.com,$900K+,10,4,3,3408
ILYA KIPNIS,2 TEAL CT,MARLBORO,(347) 322-0269,Mobile,(718) 376-1094,,$900K+,10,4,2,3207
MICHELLE SEPULVEDA,160 WILLOW AVE,ABERDEEN,(347) 215-2093,Landline,(917) 399-6084,sepulveda040978@yahoo.com,$900K+,10,4,3,2785
CHRISTINA ADAMS,10 HIDDEN HOLLOW TER,HOLMDEL,(408) 997-0738,Landline,(408) 997-0738,kylemonfort@gmail.com,$900K+,10,5,2,3320
JOSHUA REISMAN,17 FRANKLIN DR,FREEHOLD,(732) 421-2366,Mobile,(732) 421-2361,skibum1957@aol.com,$900K+,10,4,3,4149
LAURA FLOOD,28 COURTNEY CT,FREEHOLD,(732) 261-4436,Mobile,(708) 705-9650,steveflood@scomage.com,$900K+,10,4,4,4609
ANTHONY MIGNONE,89 TRICENTENNIAL DR,FREEHOLD,(718) 273-8899,Landline,(718) 273-8899,anthonymigone@msn.com,$900K+,10,4,5,4950
GUZMAN ELKINS,81 PARTNERS LN,FREEHOLD,(732) 213-0276,Mobile,(732) 853-4358,elkmaratrucking@aol.com,$900K+,11,4,4,5125
ANDREW MING,20 CRAPE MYRTLE DR,HOLMDEL,(732) 432-9256,Landline,(917) 257-8749,t2@familywu.com,$900K+,11,4,2,3984
AARTI SHAH,105 MIDDLETOWN RD,HOLMDEL,(201) 658-6640,Mobile,(201) 344-5898,aarts_79@yahoo.com,$900K+,11,4,7,13011
PATEL JAYKUMAR,1 TAPPAN WAY,FREEHOLD,(917) 299-1094,Mobile,(415) 342-6486,jay3210@hotmail.com,$900K+,11,5,4,4432
KEIKO GENDI,325 AUTUMN HILL DR,MORGANVILLE,(917) 608-1969,Mobile,(732) 566-1276,keikogendi@hotmail.com,$900K+,11,4,2,6163
ROBERT AARON,160 SHEFFIELD DR,FREEHOLD,(617) 347-9223,Mobile,(617) 467-4720,,$900K+,11,4,3,4274
CHRISTOPHER LORIPPO,15 MULBERRY LN,COLTS NECK,(718) 979-2274,Landline,(718) 979-2274,,$900K+,11,4,3,3606
MICHAEL MC CLOSKEY,177 POND RD,FREEHOLD,(732) 598-9804,Mobile,(732) 683-1584,mmkk_mc@yahoo.com,$900K+,11,5,2,3897
NICHOLAS PONTERIO,15 CHURCH RD,MORGANVILLE,(718) 494-7529,Landline,(347) 236-1366,pponterio@icloud.com,$900K+,11,4,2,2688
IRYNA DZIK,5 TEAL CT,FREEHOLD,(646) 463-0616,Mobile,(718) 383-1249,,$900K+,11,4,1,3367
STEVEN MENNONA,3 HAVILAND DR,MILLSTONE TOWNSHIP,(732) 435-0765,Landline,(732) 435-0765,,$900K+,11,4,3,3936
ARRI LAMBROS,24 STEEPLE CHASE RD,MILLSTONE TOWNSHIP,(732) 882-5182,Mobile,(609) 448-1825,anlambros@aol.com,$900K+,11,3,3,3014
MATTHEW DAVIE,10 KNOB HILL RD,MORGANVILLE,(347) 677-2445,Mobile,(917) 886-5040,mrdeezie7@aol.com,$900K+,11,4,2,2578
TYLER LOMBARDO,3 SHEFFIELD CT,COLTS NECK,(201) 377-2269,Landline,(631) 682-8465,tylerflomb@aol.com,$900K+,11,4,3,3172
SIVACHIDAMBARAM MASILAMANI,5 BAYBERRY DR,HOLMDEL,(201) 205-1309,Landline,(201) 205-1309,smasilamani@address.com,$900K+,11,3,2,2150
MARK PELLEGRINO,13 CHRISTOPHER DR,COLTS NECK,(732) 536-1216,Landline,(732) 718-7188,markpell@adelphia.net,$900K+,11,4,3,2774
AMEL KHALIL,2 RALEIGH WAY,FREEHOLD,(908) 217-4434,Mobile,(732) 824-7171,cutiepie4734@hotmail.com,$900K+,11,5,5,5781
ANGELINA PIVARNICK,7 HAYFIELD CT,HOLMDEL,(646) 552-0035,Mobile,(646) 287-8747,xxitalianangexx@att.net,$900K+,11,4,2,3690
JOHN FILTES,28 WITHERSPOON WAY,MARLBORO,(347) 562-4821,Landline,(347) 562-4821,,$900K+,11,4,2,4435
RAMAKRISHNA KOLLI,13 FURLONG DR,MILLSTONE TOWNSHIP,(917) 693-2878,Mobile,(732) 416-8944,robink45@yahoo.com,$900K+,11,4,4,3317
MEGHAN DESPOTIDIS,61 ROCKWELL CIR,MARLBORO,(908) 692-9834,Mobile,(908) 692-9833,,$900K+,12,4,2,2955
BHAVIN PATEL,398 VASSAR DR,FREEHOLD,(347) 806-3036,Mobile,(718) 937-0473,jay143@address.com,$900K+,12,4,3,3933
DANIEL BARROS,16 N MAIN ST,ALLENTOWN,(215) 369-0544,Landline,(215) 369-0544,ncldizzy@yahoo.com,$900K+,12,5,4,5752
MICHAEL MUSSO,5 MOUNT DR,MILLSTONE TOWNSHIP,(347) 242-9719,Mobile,(347) 409-5162,m00se55@aol.com,$900K+,12,4,4,3576
MARIA ERIAS,12 TIFFANY CT,FARMINGDALE,(732) 905-9630,Landline,(732) 905-9630,meira10@aol.com,$900K+,12,4,2,3913
ROBERT LERNER,11 EMILY RD,MANALAPAN,(732) 616-0675,Mobile,(732) 921-7897,robnj92@yahoo.com,$900K+,12,4,3,3326
